Name,EqWNeII,EqWNeIII,EqWNeV,EqWOIV,EqWPAH 11.3,EqWPAH 6.2,EqWPAH 7.7,LNeII,LNeIII,LNeV,LOIV,LPAH 11.3,LPAH 6.2,LPAH 7.7,lfir,lmir,agn_frac,lir_pah,agn_frac_dale,lfir_dale,LBAT,lfir_decompir,L20cm
2MASXJ03502377-5018354,0.179879069021,0.1131397054,0.0,0.0564857097835,2.1706192781,2.43965521845,103.623088218,1.59652555676e+41,8.10926749621e+40,0.0,3.83500412313e+40,1.6559365237e+42,1.00719482435e+42,7.9924452846e+42,10.18851722,9.845804932,0.083142337,10.753539871,0.0,10.4496986,6.4551088945e+43,10.3904864273,
2MASXJ05054575-2351139,0.0164307100882,0.0194646821622,0.00759245780781,0.038287379596,0.0511828262337,0.0124018396489,0.458175431622,7.02981624672e+40,7.20823511611e+40,2.88378623708e+40,6.14178751177e+40,2.26802758486e+41,7.19971304691e+40,2.2359183008e+42,9.392196782,10.32678078,0.861135619,9.76781621217,0.6404,10.2139374631,1.73063518336e+44,9.64958828503,3.1827773487e+38
2MASXJ05580206-3820043,0.00222620210436,0.00718606722862,0.000214770436522,0.0225745705446,0.00231067348638,0.0,0.0273322277625,5.47711033599e+40,1.37847539066e+41,4.67985790001e+39,1.50977230312e+41,6.97630979186e+40,0.0,1.78262833506e+42,,,,9.18324882479,,,7.76575992143e+43,,1.29500010157e+39
2MASXJ07595347+2323241,0.0596743446599,0.041565887354,0.0183740064958,0.0619389158238,0.698113160962,0.238940995513,2.91234616388,2.47034013253e+41,1.32630717238e+41,6.93546194091e+40,1.14725978037e+41,2.61068523287e+42,1.84769484873e+42,1.5573439009e+43,10.90169816,10.3175965,-0.05773569,10.9792629301,0.0,11.07179443,6.741443831e+43,10.894168666,6.07316157297e+38
2MASXJ09043699+5536025,0.0884650015368,0.0578746899369,0.02858678689,0.182577987065,0.434293753737,0.233746130094,3.04243646558,8.20212896541e+40,5.07245907571e+40,2.39828152663e+40,1.25753733967e+41,3.81468924998e+41,3.35211962507e+41,1.8343440497e+42,9.5619969,10.0207061,0.655955918,10.0256205656,0.2524,10.1836332227,4.86800046766e+43,10.0508090862,1.0760843139e+38
2MASXJ11454045-1827149,0.0111090384097,0.0499987969026,0.0217705795791,0.567183962917,0.00683881602183,0.0,0.234547063048,3.39294868835e+40,1.53774596438e+41,6.82846926987e+40,6.33064507595e+41,2.89286278547e+40,0.0,1.15600520733e+42,9.949416941,10.27543711,0.572438467,8.74678584601,0.6255,10.397786812,1.33508033324e+44,10.0924535524,3.40157428243e+38
2MASXJ12005792+0648226,0.0397145385364,0.0188374485873,0.00265910396606,0.0516272926326,0.278298009246,0.236281729663,0.768972921682,1.19153153679e+41,5.77394377662e+40,8.54391415449e+39,8.47255065015e+40,1.40121473439e+42,1.03484971998e+42,3.6110892597e+42,10.37739371,10.27881999,0.257998349,10.6707233512,0.2499,10.6899890155,6.38414292342e+43,10.3605334828,2.6138849328e+38
3C120,0.011442070902,0.079056404157,0.0462217975641,0.411710618654,0.0174074632705,0.0034393237691,0.0194602505153,1.4329924203e+41,9.13368613085e+41,5.45008678023e+41,2.58019290278e+42,2.98010914779e+41,1.22488380953e+41,3.24254251396e+41,9.424975977,11.0452976,0.968787422,9.90320134544,0.5435,11.0351076119,2.37354720278e+44,10.9290397173,1.21073536499e+41
Ark120,0.0063923477414,0.00978482513153,0.00276766813117,0.0471756140664,0.0278396265424,0.00608447910011,0.149950841298,6.9464074824e+40,8.54716135363e+40,2.56101061647e+40,1.60103282491e+41,5.17371857921e+41,2.29391346746e+41,3.88544658387e+42,10.38310816,10.72616377,0.583750693,10.1767150243,0.5898,10.799726556,1.7277588595e+44,10.4246436674,4.28484197156e+38
ARK347,0.0215081867867,0.104132534003,0.0322115080634,0.364643205072,0.0268547177467,0.0144043422834,0.0699466834767,4.69194687996e+40,1.98987903429e+41,6.3207559395e+40,3.76609480997e+41,7.23245823669e+40,5.70672368046e+40,1.87063626625e+41,9.616614048,10.13277426,0.688630916,9.20112777989,0.5572,10.1624350222,3.37573896528e+43,9.72672231645,7.20920524789e+37
CenA,0.0588741740977,0.0630007390714,0.00799902915837,0.0718072031137,0.103839471994,0.00154457355215,0.125400389347,2.88135229215e+39,2.68126567266e+39,3.60933847474e+38,2.02631561509e+39,3.56863865605e+39,3.39037054551e+38,6.37269015821e+39,10.00971096,8.711913817,-0.269389627,7.70919564265,0.0,9.763220297,2.12008337257e+42,9.82978430257,
CGCG420-015,0.00659156491833,0.0132445714687,0.00646193838074,0.0390754205401,0.0144869981358,0.00569992180153,0.027738403977,7.5802323059e+40,1.38073135308e+41,6.92499224894e+40,1.94359614499e+41,2.13974382319e+41,1.56389032655e+41,5.0609409076e+41,10.04537056,10.74586183,0.778425696,9.73894699081,0.6404,10.6208119931,5.57074021922e+43,10.0291222875,2.66443945004e+38
CGCG468-002NED01,0.0395746188843,0.0387829189655,0.0133487425106,0.0474890715474,0.425691896447,0.176316832445,0.214273806638,6.19433389653e+40,5.64345171317e+40,2.02789586096e+40,6.02345050158e+40,6.24234119532e+41,2.94567422733e+41,7.98399475801e+41,10.26177616,10.10311742,0.212894782,10.26981321,0.0737,10.5715976041,1.7962901787e+43,10.4766179404,
ESO005-G004,0.0475923824335,0.0428972282271,0.0111199038197,0.0261707273231,0.78627533946,0.199644386912,1.22126042713,1.57727629359e+40,1.05764775602e+40,3.32724232754e+39,5.65094786447e+39,1.26554002212e+41,9.57211191095e+40,5.12602849491e+41,9.990858977,9.448880006,-0.035927016,9.47854523571,0.0309,10.1570526036,1.9461949733e+42,10.1122043428,
ESO103-035,0.0215150671436,0.0288833964158,0.0,0.0288182206868,0.0,0.0100613730301,0.0516147556722,1.32442773755e+41,1.73386399477e+41,0.0,1.15712586266e+41,0.0,5.82584159166e+40,2.76505683831e+41,9.746292968,10.50931065,0.803763506,-inf,0.6748,10.3418174469,4.42903745504e+43,9.39444671502,
ESO121-IG028,0.0233539713507,0.0677343873249,0.0309969598359,0.198904876707,0.0465791931185,0.03165366797,0.217472631044,3.25175261648e+40,7.63848552815e+40,3.71956091328e+40,1.33088800724e+41,5.12414762374e+40,5.9539557364e+40,4.12146822534e+41,9.597432009,9.833554009,0.510227492,9.03025861503,0.0583,10.4989075204,1.07644420433e+44,9.98276667082,
ESO141-G055,0.00634524516732,0.0164208708972,0.00708596871413,0.0699570047208,0.0265241687778,0.00837238976223,0.0069867027758,6.4044693419e+40,1.43106324025e+41,6.39493908225e+40,2.8890695155e+41,4.24173380463e+41,2.61659928679e+41,1.50232025526e+41,10.52556108,10.71977945,0.479965777,10.0782341571,0.5979,10.8954333831,1.73905300836e+44,10.5812428691,
ESO157-G023,0.0126006121055,0.0361874256061,0.0208636880473,0.218203799728,0.0427761735757,0.010650156805,0.26711135553,4.89047151812e+40,1.11421941868e+41,6.70795852207e+40,2.32082973107e+41,2.16137072078e+41,6.54241697511e+40,2.00460812442e+42,10.18607727,10.23896457,0.373875741,9.74393327074,0.3729,10.4949668908,9.41331119823e+43,10.2164473848,
ESO198-024,0.0103219688606,0.00858188074788,0.00739307446362,0.0,0.0553265557609,0.0622057973827,0.0594009660033,3.54156085864e+40,2.9542349158e+40,2.55312489442e+40,0.0,2.60749254205e+41,1.65797270073e+41,3.19726530636e+41,9.555881542,10.30703607,0.799147859,9.83697335634,0.6404,10.2493755631,1.44007793077e+44,9.63442649769,
ESO297-018,0.0215838989672,0.028689676242,0.00788961498978,0.0739464707467,0.277170246528,0.0783356488004,0.412733822886,3.78712272454e+40,4.2600339876e+40,1.28600789303e+40,5.74451150005e+40,4.86210173656e+41,2.23030826792e+41,9.98222816315e+41,10.20678999,10.26206675,0.375702635,10.145913837,0.1921,10.5890492281,9.97248920017e+43,10.4717594498,1.2152791788e+39
ESO323-077,0.026466898862,0.0200085421889,0.00990674687207,0.0574884575067,0.186108219914,0.0446841631082,0.38098224809,1.41267931984e+41,9.04892583482e+40,4.73765162284e+40,1.71785358747e+41,1.16327128101e+42,6.42425667485e+41,4.29627472784e+42,10.64100887,10.49520201,0.222461906,10.5784483322,0.2071,10.9605565479,1.6759565323e+43,10.813913863,
ESO374-G044,0.0183833901333,0.0715676964584,0.0346717494786,0.227852905114,0.0258782459436,0.0251543175801,0.0416569081033,6.40533564998e+40,2.8052933263e+41,1.30305250396e+41,4.65237359216e+41,7.86476127222e+40,5.90261340333e+40,9.08717560853e+40,9.740129102,10.38923096,0.755692719,9.24268459005,0.525,10.3416411596,3.729539101e+43,9.97796804247,2.05996731837e+39
ESO417-G006,0.0416748032291,0.0773387792987,0.00612692963576,0.166984044886,0.110236939174,0.217879167068,0.645984659361,1.16009291919e+40,1.76035892814e+40,1.48751857068e+39,2.65777840967e+40,2.9001157329e+40,1.02651192507e+40,1.75222327609e+41,9.109866917,9.269352048,0.454385355,8.74802742004,0.2739,9.57525941376,1.83364702295e+43,9.29202694904,
ESO426-G002,0.00577972239058,0.0245223901324,0.0152373762556,0.177134865334,0.00769496614443,0.0,0.0,1.07103470439e+40,4.25763547295e+40,2.81288497184e+40,1.87095722679e+41,1.52716411524e+40,0.0,0.0,9.63839435,10.06290114,0.635472709,8.43003493377,0.5616,10.1123743555,2.7880903919e+43,9.31314786713,
ESO439-G009,0.018311412569,0.0695021889482,0.0285899654811,0.31660289706,0.0830669178233,0.0245407291837,0.151595397479,4.87328979098e+40,1.76499255903e+41,7.53525182883e+40,4.4905581917e+41,1.69879084006e+41,3.27701037281e+40,2.66854883631e+41,10.06058081,10.3147956,0.523063706,9.6245254007,0.3035,10.4997530608,8.7177107662e+42,10.3414965476,1.1368102713e+39
ESO506-G027,0.0117286080629,0.015170123162,0.00209871052409,0.0448563658918,0.0611362576489,0.005913912176,0.0975337825988,6.7402782578e+40,6.60791092575e+40,1.069616669e+40,8.41119976234e+40,2.27905940807e+41,6.3019788037e+40,7.74308812837e+41,9.984980457,10.42521221,0.644983961,9.77022209605,0.5471,10.5235147607,1.34079690699e+44,10.3033909826,1.47930308375e+39
ESO511-G030,0.0140737224911,0.0149504860506,0.00043377199526,0.0499275536202,0.0307479394574,0.0966108460941,0.280012856657,2.0523183573e+40,1.73597411496e+40,5.29724372795e+38,1.73140056255e+40,7.66385259945e+40,5.17275973965e+40,8.66887269896e+41,10.11477239,9.769224978,0.081275063,9.22985390016,0.0964,10.4265018022,4.54269354504e+43,10.4590414086,2.13586292995e+38
ESO548-G081,0.010562226869,0.0135977690481,0.00234854547989,0.0539385707972,0.0603703338361,0.00158159200759,0.00873918211611,1.20853743324e+40,1.22300971313e+40,2.23285784761e+39,1.62756760438e+40,1.12117099603e+41,7.97480683006e+39,2.26463842865e+40,9.897506508,9.925271431,0.354636444,9.41848811759,0.4229,10.2021873443,2.09405152896e+43,9.88397729302,2.37168982157e+37
ESO549-G049,0.107186372817,0.0452653236122,0.0182096977325,0.0132450722351,1.1235962131,0.603456005301,1.06118550874,3.20492622457e+41,1.09679400822e+41,4.81789668937e+40,3.8065976098e+40,2.62422526727e+42,2.0490133299e+42,5.48298444348e+42,10.88175307,10.42757077,0.013378268,10.981827835,0.0,11.10607795,3.97942126273e+43,11.085442369,5.54908187192e+38
Fairall49,0.0313002029492,0.0360341580072,0.0202638741644,0.0706257363961,0.123425423303,0.0463302385047,0.194100956945,3.27155638203e+41,3.34314104497e+41,1.97041960637e+41,3.73432132016e+41,1.27605159242e+42,8.97985291475e+41,2.64467566657e+42,10.48607883,10.78487263,0.554028611,10.6243294003,0.4505,10.9495115068,1.28820842327e+43,10.7058901087,
Fairall51,0.0159364705147,0.0211194681052,0.0109641844567,0.0496908289427,0.0719615737646,0.0367819661215,0.188475475697,5.32875547646e+40,6.41631839251e+40,3.37174618102e+40,9.65792000309e+40,3.19960502318e+41,2.50545483009e+41,1.06568273027e+42,9.668406784,10.45856238,0.813992233,9.93843847222,0.5126,10.4477380148,1.82180761234e+43,10.2823921694,
Fairall9,0.00411018480382,0.00878523180322,0.00963125686914,0.0470977537081,0.0186627030174,0.0,0.0789709641093,1.27322660305e+41,2.22133348702e+41,2.54238613097e+41,4.72466012119e+41,8.40913397838e+41,0.0,4.93306243426e+42,10.5501678,11.07777649,0.694877907,10.4175512728,0.7791,10.9410491359,2.57704267987e+44,10.2425787738,
IC0486,0.0316503807359,0.0535570922297,4.37427773659e-05,0.141972693126,0.189269222132,0.076766120877,0.181394480064,8.76136970502e+40,1.41047885269e+41,1.18100634399e+38,2.76782267068e+41,4.95882479646e+41,1.91894814497e+41,7.38421922276e+41,10.3288733,10.35181366,0.350936619,10.1556806166,0.2135,10.672366727,5.31784893495e+43,10.5622773705,2.70516663213e+38
IC1816,0.0699183492871,0.0977398297046,0.0317433295188,0.0986219182484,0.252221718754,0.108664239264,28.9682731504,1.02394828533e+41,1.55365403119e+41,4.94486456553e+40,1.13906837514e+41,2.75714399124e+41,1.01429754587e+41,3.66508883715e+41,10.23125424,10.01001196,0.167103136,9.86464360716,0.1652,10.5055228504,1.24839461172e+43,10.3907832172,3.17855498549e+38
IC4329A,0.0110761497469,0.0346478445715,0.0110826431774,0.153068144476,0.0166547737248,0.00393652860345,0.0336629079863,1.44351508213e+41,4.09138355178e+41,1.352677447e+41,7.69001704381e+41,2.57905457441e+41,1.15583982234e+41,5.64208888073e+41,9.765688234,10.823368,0.892649374,9.831536043,0.7445,10.4871818945,1.68147580867e+44,9.54182304825,5.42246957335e+38
IC4518A,0.049926106652,0.107596224581,0.0465423853957,0.168237351735,0.345239107866,0.109928057139,0.449073164124,1.72795670007e+41,3.2904288562e+41,1.57926510314e+41,5.69167434023e+41,5.64962376071e+41,4.57518586572e+41,1.42187999111e+42,10.48409844,10.57112443,0.399905637,10.2203464033,0.104,10.8713171397,1.65425119127e+43,10.7510916019,
IC5063,0.00959144407841,0.0339258789549,0.0125946231094,0.0582573989578,0.0161153773719,0.00231777479698,0.140688278639,6.05467991219e+40,2.07122395732e+41,7.87539319521e+40,2.54025746856e+41,9.29744971479e+40,1.26549675969e+40,9.34469444251e+41,9.829506481,10.69152864,0.838933795,9.32566015075,0.6541,10.545792652,2.08832037062e+43,10.0331550698,
IISZ010,0.0118849889412,0.0223019297093,0.0166418800872,0.0589876027444,0.0100994778332,0.00337709004612,0.0452593587197,4.51125584305e+40,8.19898613893e+40,6.10080710886e+40,7.04061231215e+40,5.19343658212e+40,2.28514480686e+40,2.42459494684e+41,9.489105434,10.2280702,0.794312477,9.03691827906,0.833,9.86339211115,4.12606325741e+43,9.41837857254,
IRAS05218-1212,0.0075853432804,0.0345870552369,0.00992795350924,0.168150313487,0.0153613512689,0.0109231818513,0.034407570454,1.2495516037e+41,5.22810490671e+41,1.53374955761e+41,1.23962130882e+42,2.95624126244e+41,2.73644850264e+41,7.35738738679e+41,10.29361999,10.86562574,0.718263292,9.89921425089,0.7561,10.7406809403,1.03779861279e+44,9.9371022832,7.3042875042e+38
LCRSB232242.2-384320,0.0566360106817,0.0218844693709,0.0179537534666,0.0895980020133,0.671934154858,0.362107056486,2.83128163952,1.5051865079e+41,4.47583980633e+40,4.2627448272e+40,8.279929741e+40,2.06180474917e+42,1.36485227416e+42,7.55598002046e+42,10.50765491,9.980588112,-0.027917544,10.8622324735,0.0241,10.691747398,4.47985810009e+43,10.6890139109,1.79791638417e+38
M106,0.0335561204596,0.0392756973279,0.000273642300707,0.015524393938,0.0814019391799,0.0779696836533,0.453240383213,8.00133013709e+38,7.25043858623e+38,5.38900370822e+36,1.56873964458e+38,2.61525336182e+39,1.72992331096e+39,1.44356517025e+40,9.742444385,9.045093889,-0.110419686,7.55508123864,0.0,9.901486292,1.52473265575e+41,9.87737497885,
MCG-01-13-025,0.0411190026183,0.0471409316991,0.0,0.022511093484,0.0610523753294,0.0114902054555,0.0431219972485,1.35894310527e+40,1.41265978883e+40,0.0,2.67128936369e+39,3.01012525598e+40,1.40854611479e+40,2.35299673439e+40,8.896767133,9.26901968,0.602751246,8.76648756196,0.7026,9.27758316519,1.76704547088e+43,8.87714554406,6.36363642245e+37
MCG-01-24-012,0.0269021699213,0.0312540535724,0.00287572201648,0.0638319997491,0.0762632741082,0.00529806255482,0.0324869419196,5.22536568758e+40,5.69200971782e+40,5.3790596516e+39,9.9342329255e+40,1.21902573255e+41,1.49453170117e+40,1.0826501096e+41,9.756284943,10.21961275,0.658663645,9.45997803536,0.392,10.2895097593,3.56122834156e+43,10.046488574,3.28715341527e+38
MCG-02-12-050,0.0193994922848,0.023926528069,0.0119389432499,0.0605905310199,0.159766196705,0.0206555422747,0.112799508345,4.39877998616e+40,5.58175471598e+40,2.93904072828e+40,8.72446791273e+40,4.67153208737e+41,1.65841942021e+41,3.70554448213e+41,10.45157286,10.42094419,0.309834699,10.1260888505,0.1011,10.7802938804,5.82214272393e+43,10.6620046449,4.54739989596e+38
MCG-03-34-064,0.0271097993076,0.0531565201027,0.0119691433925,0.0939699754978,0.0426803311102,0.0100333396696,0.267061168288,3.18473343361e+41,6.33642134751e+41,1.43545380617e+41,6.70137271187e+41,4.37436973274e+41,1.1325739787e+41,2.93290072951e+42,10.55341835,10.75577829,0.485899945,10.0935008286,0.4161,10.9761267153,1.87875214485e+43,10.5827457677,2.37412672678e+39
MCG-05-23-016,0.00998191836695,0.0108608052549,0.00637868906839,0.0421236517314,0.0113996759198,0.000965455704603,0.0782817383635,2.35469696612e+40,2.43852903777e+40,1.4720617659e+40,5.80931795708e+40,2.46729238227e+40,6.2645038783e+39,1.48507364197e+41,9.414885358,10.04746757,0.748010901,8.66788732247,0.6763,9.9081740394,3.21903371939e+43,8.82182663736,3.27348503604e+37
MCG-06-30-015,0.00558265025274,0.0120029552641,0.00429659112542,0.0722907531047,0.0507233628237,0.0148552904242,0.454350469255,5.49535794058e+39,1.0493932747e+40,3.95148754228e+39,3.21074351968e+40,5.58829154723e+40,2.18567250389e+40,4.17093126582e+41,9.228319358,9.675691621,0.649250327,9.07325144826,0.7227,9.66737735958,8.44361214228e+42,9.09770527212,
MCG+01-57-016,0.0378778541785,0.036042287965,0.0265786334827,0.0803389955739,0.543917926472,0.161831530321,0.755045425817,9.27824090115e+40,9.60591908656e+40,6.82412010439e+40,1.49865930236e+41,1.0693800214e+42,6.57821679045e+41,1.452616872e+42,10.07628982,10.40120888,0.571701717,10.5367210344,0.3159,10.5808196904,2.36067286477e+43,10.3694520933,3.10584911847e+38
MCG+04-22-042,0.0109176329566,0.0282823449345,0.00678517187018,0.0904620488261,0.0225972077289,0.0,0.0497180688389,6.32205760397e+40,1.46996291616e+41,3.63190596401e+40,1.80752413214e+41,1.75728484101e+41,0.0,1.79941069188e+41,9.719670793,10.4523322,0.791774975,9.64131070961,0.7424,10.2550504287,9.62510296862e+43,9.98745072447,3.5798628585e+38
MCG+04-48-002,0.174781962388,0.0539398583082,0.0258447438294,0.0285189795647,0.658961505821,1.55288671694,2.03230731247,3.55704769598e+41,8.48013683101e+40,4.89440910145e+40,5.10282007728e+40,2.27417659006e+42,3.06151409981e+42,8.30329807235e+42,10.74778362,10.10093866,-0.087987379,10.9108415031,0.0,10.92434164,3.37067680902e+43,10.9039437939,5.19205538294e+38
Mrk10,0.0177840068408,0.0896840574955,0.0479677339164,0.327366229572,0.0432504442593,0.0107850774493,0.170936435449,3.60254498758e+40,1.67316668124e+41,9.17682248558e+40,4.41882830247e+41,9.42085908796e+40,3.74961832207e+40,4.21912279824e+41,10.33469018,10.42352979,0.401283464,9.33219819133,0.0677,10.7007392942,2.90658013539e+43,10.6370708042,1.73216464825e+38
Mrk1018,0.00964660841253,0.01580385114,0.000418825947849,0.083559750658,0.0059347834934,0.0103076671116,0.0272395346596,4.21290691667e+40,6.30362251005e+40,1.73533586883e+39,1.13814018717e+41,4.29505375213e+40,2.89792359593e+40,2.63816298738e+41,9.463412982,10.35382116,0.847962569,8.94274516638,0.8588,10.0062479467,1.39033878418e+44,9.72341110252,2.53631499417e+38
Mrk1210,0.0327132659919,0.026268774435,0.0064013815863,0.0162562957772,0.0291677671123,0.0103032910443,0.20943013653,1.36479127969e+41,1.3071593933e+41,2.89161805142e+40,5.43845702988e+40,1.0975400446e+41,4.6907852919e+40,8.03107621021e+41,9.673786226,10.49948949,0.826710886,9.40792586215,0.5656,10.2658822366,2.22049837677e+43,9.71127789879,6.56598104573e+38
Mrk1392,0.0240984679585,0.0747526367314,0.0293314712086,0.262020984574,0.0446743993935,0.0231980006621,0.0339466351426,1.20511912013e+41,3.80096040941e+41,1.45812414921e+41,6.89747863374e+41,2.46520098241e+41,1.56596875624e+41,2.13158267415e+41,10.31679416,10.45863797,0.441244915,9.80914969747,0.4581,10.680316921,5.75100641912e+43,10.4201659469,5.42410710687e+38
Mrk18,0.114805777107,0.0673835000894,0.0152264137873,0.0216241904088,1.18807135356,0.645769469904,4.83940047114,4.65673420968e+40,2.52069010062e+40,5.90302113121e+39,8.36756585459e+39,3.92769524403e+41,3.84181410819e+41,8.76757898903e+41,9.651115288,9.904483965,0.522466728,10.0400955254,0.0,10.15782951,3.34900642924e+42,10.1166251224,1.22595596008e+38
Mrk279,0.0258115677444,0.030599144364,0.0121670385401,0.0987895473535,0.0652961263774,0.00720761378332,0.043481269817,2.35686125307e+41,2.28473137008e+41,9.39261553005e+40,3.58789888874e+41,7.05901049188e+41,3.61695682968e+41,5.90676121335e+41,10.28086142,10.59386343,0.563685564,10.3307748776,0.4966,10.7367436912,8.3556458816e+43,10.3996729936,7.16198218423e+38
Mrk290,0.01277434946,0.0297144427301,0.00764716025135,0.0562005314334,0.035091398687,0.00454584780477,0.0394998193197,4.79429956205e+40,9.93096527826e+40,2.52666317458e+40,8.34169322794e+40,1.61904822002e+41,3.30878337152e+40,1.84654316953e+41,9.433033095,10.25612101,0.825800931,9.60068691791,0.7561,10.0157987703,4.67942087567e+43,9.23175667077,1.46206798175e+38
Mrk3,0.0564140338317,0.0897929656947,0.0340479932856,0.177574022763,0.00761260596359,0.00963556997086,0.549750827085,3.59559199113e+41,7.12293081123e+41,2.46807480106e+41,7.82972089342e+41,3.72989910201e+40,4.26927104945e+40,1.6957881771e+42,,3.785680861,1.0,8.87279252391,0.0158,10.4307769707,5.77474155339e+43,10.1766151019,6.31232494084e+39
Mrk348,0.0273709421138,0.0368164190153,0.0106575345698,0.0798931107277,0.0311129102935,0.00180804796041,0.0347972737491,8.45995591164e+40,1.17005876355e+41,3.35778578549e+40,1.23478520504e+41,9.43976092733e+40,1.16194776808e+40,1.90054574522e+41,9.612285267,10.25413136,0.752341295,9.33319201201,0.6777,10.1394490055,7.92006582228e+43,9.70966985753,2.08043882862e+39
Mrk352,0.016233109324,0.00479622668527,0.0,0.0224231832238,0.00678801485532,0.0,0.0267046408913,2.30988434681e+39,4.27542032823e+38,0.0,7.14069499169e+38,1.92945317809e+39,0.0,7.14342117004e+39,,,,7.40428831136,,,1.48845536704e+43,,
Mrk417,0.00981531876726,0.0217920896397,0.0,0.121323033519,0.0410269613275,0.0153807338179,0.0748596619249,3.15111467629e+40,8.23084424477e+40,0.0,1.89897984451e+41,1.27641168656e+41,6.51730566762e+40,3.03022496349e+41,9.471953311,10.236325,0.804284698,9.48278645933,0.7791,9.98861335587,8.01860204924e+43,9.27192968242,
Mrk477,0.0870475003815,0.0901005113621,0.023772246697,0.126202952826,0.128148699567,0.0859525714398,0.183818233553,7.56359958646e+41,1.08315645839e+42,2.57427105609e+41,1.00793463883e+42,1.04202360025e+42,6.59749895322e+41,1.59797298222e+42,10.6194303,10.86457789,0.516649222,10.5238719524,0.327,11.0848200142,4.76203452882e+43,10.6848129635,2.81489152148e+39
Mrk50,0.00870282330331,0.0151257253391,0.0,0.0222982143085,0.0371223766867,0.0,0.023561836211,6.72941606098e+39,8.40293395111e+39,0.0,2.84040775615e+39,4.35086835412e+40,0.0,4.11909485111e+40,,,,8.9491469697,,,2.82302538391e+43,,
Mrk509,0.021942613617,0.0310613821052,0.0116148915654,0.108234916698,0.0838235145028,0.0534401461427,0.125902788903,3.61413330889e+41,4.89533306957e+41,1.82721591584e+41,8.16458423762e+41,1.77392391187e+42,1.89566063049e+42,3.35797341859e+42,10.66311302,10.92205347,0.52639183,10.7876662585,0.5656,11.0956652166,2.63171908372e+44,10.6444737427,7.35349365595e+38
Mrk590,0.0140937470587,0.0146884664075,0.00215031905917,0.0287435423291,0.0299795959315,0.0,0.201082384227,4.89843804589e+40,5.12224952963e+40,7.46162082108e+39,5.38159596479e+40,1.19064341763e+41,0.0,8.45663460428e+41,10.26374032,10.35789535,0.405318261,9.4482972979,0.3175,10.6370258957,2.65641974272e+43,10.4738503135,3.74125702688e+38
Mrk841,0.00623142677242,0.0233158583052,0.0189534054682,0.148368262278,0.00559243237312,0.00216805908713,0.0195760514998,8.19511890793e+40,3.03247117607e+41,2.4850045281e+41,8.72882665264e+41,8.21212992283e+40,4.26073182603e+40,3.23210508936e+41,10.04569091,10.78080745,0.79276634,9.26411428193,0.6871,10.6288232031,1.0952036212e+44,9.75917776543,
Mrk926,0.0428780350642,0.0393868376666,0.00940105019547,0.114801954475,0.0307750365011,0.00310959716823,0.0410105422256,4.07978716801e+41,3.96454797701e+41,9.50450268212e+40,5.92609105791e+41,3.98372433693e+41,7.67973924696e+40,6.36803945395e+41,10.56193738,10.87473232,0.563545599,10.0471185828,0.5286,11.0049472182,5.89435718112e+44,10.6843013202,2.49734606884e+39
NGC1052,0.0604630571502,0.0432048802674,0.00179262081152,0.0312857818893,0.0279364685486,0.0247479023841,0.0998305430874,8.54911664294e+39,6.81738876995e+39,2.67068511367e+38,2.88918420152e+39,4.76106997792e+39,4.73802222195e+39,1.70382737167e+40,8.314024847,9.152665582,0.831152894,7.85213660536,0.6541,9.08206530301,1.32870075969e+42,8.64170718159,5.75836388899e+38
NGC1365,0.053887377904,0.026654919823,0.0153817001683,0.05168495384,0.465506013866,0.268149954619,1.22571373786,5.77097197629e+40,2.60669545836e+40,1.64765912274e+40,6.24672256615e+40,5.30403943676e+41,5.18764547514e+41,2.07856711655e+42,10.88044678,10.45893057,0.033020696,10.1890497002,0.0,11.0869086,2.48544837683e+42,11.1092802046,2.04543483268e+38
NGC2110,0.0879426814977,0.0820157534367,0.00546099222616,0.12830163944,0.0644990097071,0.0112875552034,0.235552966264,8.484952474e+40,7.11110612716e+40,4.72450329526e+39,6.55135634604e+40,8.01883601917e+40,3.28873697687e+40,3.35280271236e+41,9.991827212,9.794249179,0.1842491,9.25230416756,0.2443,10.3006955422,4.83829546668e+43,10.1418659659,6.35742924079e+38
NGC235A,0.0552094682196,0.0667740447572,0.0191310817036,0.0983618511816,2.74052004331,0.274181014256,0.748924915112,1.31203222605e+41,1.70428527418e+41,4.93012067688e+40,2.35622016681e+41,1.44924452551e+42,7.14047738266e+41,1.98528141692e+42,10.51966777,10.31810712,0.18134819,10.6874341322,0.0694,10.7877353582,5.35211167297e+43,10.6987487705,6.6918226452e+38
NGC2655,0.0768079129938,0.0694418837746,0.00672157869274,0.0,0.555394563428,0.0433002831437,0.340620651114,8.60186417268e+39,5.22665387122e+39,5.50643227513e+38,0.0,6.50862821873e+40,1.41789249741e+40,6.62472622907e+40,9.329451562,9.193113294,0.229540864,9.14884273624,0.1899,9.63993832817,9.08365058112e+41,9.52393588429,1.17206207871e+38
NGC2992,0.09404298821,0.0823492953399,0.0213131519001,0.201411129147,0.955088941764,0.327592799341,1.60066156393,8.51749505175e+40,7.49761425669e+40,1.98299200271e+40,1.20131268631e+41,4.15103382346e+41,3.25787533225e+41,1.0363210193e+42,10.17792074,9.794284167,0.056643794,10.0675170225,0.0097,10.405223939,3.21460897366e+42,10.3460163648,3.79108754945e+38
NGC3079,0.183804268871,0.0689370437969,0.0176314942501,0.0293807734486,2.56316787855,1.01790385131,1.18305997015,1.30515140428e+41,2.93897464231e+40,1.07235523422e+40,1.82475963546e+40,9.22909326634e+41,1.71073431653e+42,3.66504458266e+42,10.89999688,10.12594673,-0.1413102,10.4636841223,0.0,11.04209626,2.62878494729e+42,11.0472818235,8.59517085584e+38
NGC3081,0.017190730652,0.0594867125086,0.0435917630799,0.26939971252,0.0606749551354,0.0248134476072,0.18808800075,1.38185498574e+40,4.96186661865e+40,3.59718315639e+40,1.43285842937e+41,4.50165067779e+40,1.39694667391e+40,1.33618912276e+41,9.510232703,9.904984873,0.617047129,8.96603913594,0.363,10.0309902423,1.05169971378e+43,9.76316805013,1.00872160047e+37
NGC3227,0.0780183224023,0.061530226384,0.0247554742855,0.106462183068,30.7692886103,0.19177015239,0.954779323957,5.79776956584e+40,4.8257750306e+40,1.84581330605e+40,6.23865499546e+40,3.8285744584e+41,2.20041700188e+41,6.04161887614e+41,10.18471913,9.914513413,0.132383606,10.0274220637,0.1447,10.425823532,9.17491915983e+42,10.2387304487,1.17589100287e+38
NGC3281,0.0101009252041,0.0419745598653,0.00786853386284,0.118212979373,0.0458254630556,0.0207729293789,0.0920993881399,5.30152523897e+40,1.92545946414e+41,4.05676418015e+40,3.72839078556e+41,1.29272391558e+41,1.62558083943e+41,4.71667601503e+41,10.35725894,10.39086722,0.359115773,9.48908285338,0.3286,10.7179430169,2.1965628241e+43,10.470338467,2.87942946131e+38
NGC3393,0.0602589354857,0.23193521473,0.0841198347295,0.595816391883,0.518957216041,0.0578118808775,1.14694460996,5.04439357974e+40,2.42224392436e+41,7.75431791604e+40,5.66828485679e+41,6.86186538185e+40,3.43257356044e+40,5.81926826021e+41,9.911571623,10.15212484,0.513384818,9.17504747296,0.2525,10.336377537,9.10349635815e+42,10.1802587705,3.99503436333e+38
NGC3783,0.0127811947017,0.0212087709434,0.0113708775428,0.0407852624404,0.0202980060321,0.0,0.171390255325,3.08647140891e+40,5.27521682299e+40,2.81479009701e+40,6.59432820848e+40,5.28646360324e+40,0.0,5.30332130003e+41,9.740280626,10.31388131,0.719078471,9.04572112611,0.5898,10.284032756,3.21071488433e+43,9.91339845979,1.10760794131e+38
NGC3786,0.0857608259652,0.0839732985182,0.0131286370404,0.157598018318,1.29757928255,0.310122552899,0.992439008449,2.3652112929e+40,2.31535124237e+40,3.57498607892e+39,3.27669701025e+40,2.82935664445e+41,1.63816345208e+41,3.96287618369e+41,9.782966947,9.343526734,0.022157674,9.87746270377,0.0526,10.0195168804,3.44662628093e+42,9.92908749127,5.33461156592e+37
NGC4102,0.208366453178,0.0312066910905,0.0111349379828,0.0,5.28339887056,1.35068510611,3.37621278267,1.20393131169e+41,1.97641097378e+40,6.9855696381e+39,0.0,5.70991699306e+41,7.06232113159e+41,2.433772807e+42,10.37734776,9.995769186,0.057952567,10.2256098672,0.0,10.60386688,9.76333366093e+41,10.5200763394,1.339431395e+38
NGC4151,0.0372533865255,0.0608243879481,0.0209359613443,0.130864501446,0.0134406917301,0.00576301119515,0.044261958025,2.39250126301e+40,3.72784581254e+40,1.28989343051e+40,3.54560592183e+40,9.915605536e+39,5.91302269563e+39,3.73326641628e+40,9.089795894,9.51499341,0.635893816,8.21589351428,0.5572,9.53859015821,8.09145304049e+42,9.0868558387,7.56813568801e+37
NGC4235,0.0437757033131,0.0640509904592,0.00493654444444,0.0208146159312,0.14010809857,0.0501855717897,0.530683018281,5.34914327504e+39,5.50131630624e+39,4.219843226e+38,7.75975553479e+38,2.02630160098e+40,9.26114372383e+39,9.79618488745e+40,8.960434607,8.852274863,0.2507441,8.57025456724,0.3101,9.25726931095,3.85927899776e+42,9.05251895707,2.57681090005e+37
NGC4388,0.0746522599626,0.150811506764,0.0122481824034,0.278194545454,0.264363469251,0.072280880367,0.397525824161,2.48182970847e+40,5.61251407224e+40,4.49593954376e+39,9.23213030066e+40,5.16973986122e+40,2.51463855152e+40,1.55555998691e+41,9.746372518,9.642156298,0.253726071,9.03465073415,0.1467,10.0485801756,9.3562117022e+42,9.96718981003,5.69344059395e+37
NGC4507,0.0254921303048,0.0309884612836,0.0119614668844,0.0474227147939,0.0589660224561,0.0611982472123,0.171751681487,1.00435549286e+41,1.17127071217e+41,4.54893809577e+40,9.88858845247e+40,2.72472008215e+41,9.68442446131e+40,9.9366738265e+41,9.99665332,10.53101736,0.698522457,9.85877814881,0.4567,10.617399545,5.85217187459e+43,10.4247907332,2.93729222386e+38
NGC4939,0.0777199311663,0.144079940653,0.0812655164465,0.577427244218,0.104743141697,0.0,0.75224913815,2.0411607755e+40,4.97526820464e+40,2.45845295771e+40,1.30232218587e+41,2.07629385596e+40,0.0,1.19323402571e+41,9.964328442,10.02295231,0.378260617,8.58233897329,0.1207,10.3651355832,5.97679699286e+42,10.2511479003,
NGC4941,0.0727148898268,0.128512211302,0.0375433798392,0.133884753985,0.102177278355,0.0342959736675,0.0696076667806,3.09226587304e+39,5.72964585176e+39,1.60576743774e+39,4.60917912896e+39,3.73634552731e+39,1.47797649282e+39,4.68162780989e+39,8.712359989,8.882526354,0.462295147,7.73196588617,0.2813,9.12723648186,4.80852235999e+41,8.9067841364,6.66625392541e+36
NGC4992,0.00511072698972,0.00644636257176,0.0,0.00241541077402,0.0335523542734,0.0,0.0,1.19909712797e+40,1.07370971921e+40,0.0,2.11403041415e+39,5.67106109012e+40,0.0,0.0,9.671729645,10.03033519,0.593932184,9.08054140144,0.5594,10.1465596528,7.70970783365e+43,9.81987357052,3.30868956749e+37
NGC5252,0.0403462658298,0.0588817517322,0.0143474498899,0.19249383319,0.0299322883839,0.0,0.0907697680143,5.9131517711e+40,7.38521855565e+40,1.85170798977e+40,1.10749359235e+41,6.43181851424e+40,0.0,2.93369310738e+41,9.772163612,10.0190256,0.517864914,9.14295658108,0.5898,10.170662796,1.3799441631e+44,9.84197041732,2.80548648116e+38
NGC526A,0.011970358686,0.0292078579803,0.0,0.143324170232,0.0093869398918,0.00327534540618,0.00393826104273,3.89107275671e+40,8.3593685657e+40,0.0,1.57137190406e+41,3.55803174941e+40,1.89551162754e+40,2.5973727515e+40,9.222449158,10.1217427,0.850696769,8.84940256535,0.8466,9.72862757961,5.21742225683e+43,9.352404225,1.60396583125e+38
NGC5506,0.029252256115,0.0781681766315,0.0172106560201,0.17680836431,0.0857575632008,0.0246285517897,0.237622218097,4.39195537771e+40,9.83224380004e+40,2.39755095108e+40,1.58111754479e+41,1.07681172582e+41,9.05073923169e+40,3.24179094478e+41,9.571033456,10.02507366,0.653204447,9.39847204474,0.4804,10.1357383024,1.35812022817e+43,9.83720625054,2.67769463741e+38
NGC5548,0.0214676944627,0.0245508529487,0.00837596628728,0.0434511794802,0.0905716817661,0.0297400948357,0.356634410007,6.36222019605e+40,6.97569620731e+40,2.4093888865e+40,7.25258317712e+40,3.03638190725e+41,1.36899610806e+41,9.87345117937e+41,9.945435861,10.2764031,0.575740271,9.91247663299,0.4705,10.4003672044,5.22490545736e+43,9.96726788419,2.70817618744e+38
NGC5728,0.0840984111831,0.147439462553,0.044377297424,0.313093089049,2.64996527258,0.512131638064,1.26577633584,1.90949304455e+40,3.69391716351e+40,1.13886409524e+40,9.52681090085e+40,1.96170044853e+41,1.17058062981e+41,3.57637068903e+41,9.957466614,9.739938792,0.16977967,9.69587233618,0.0,10.21656078,6.52136924531e+42,10.2326931839,7.29568983742e+37
NGC5899,0.0709290378698,0.107515497259,0.0483596486455,0.247485680501,0.769119584147,0.119931597562,0.512639831552,2.38513506986e+40,3.35114257252e+40,1.53897250825e+40,5.00627443412e+40,1.55261926807e+41,3.07480058878e+40,1.33742045083e+41,10.37523781,9.88535163,-0.007293962,9.57991421322,0.0304,10.5667635368,4.55172775902e+42,10.5166425292,3.28132016061e+37
NGC6221,0.209445978092,0.0239971084988,0.0103984378705,0.0,0.768397571625,1.23671901941,4.6594601262,6.56877373426e+40,8.87892143753e+39,3.58364252587e+39,0.0,2.41969741613e+41,3.07950699804e+41,1.22009106564e+42,10.38654029,10.04900659,0.086564866,9.79991203175,0.0228,10.6109983383,5.88304639891e+41,10.5861647002,
NGC6240,0.147801900964,0.0756361220682,0.00683385108888,0.0,1.55061355939,0.930250156096,1.12996370658,1.931512566e+42,1.07472298355e+42,1.04081732353e+41,0.0,7.93601331796e+42,6.55561928228e+42,1.80846532334e+43,11.59067775,11.33717273,0.144103715,11.530522064,0.0,11.85671801,9.85804737777e+43,11.7674766737,8.16606783337e+39
NGC6300,0.011162812214,0.0158141758856,0.0111256999996,0.0258012594965,0.205085512687,0.0834464306163,0.193920944387,3.09113654e+39,3.80486739826e+39,3.01604924503e+39,5.72309812539e+39,2.5719190691e+40,2.40363088735e+40,5.26913091606e+40,9.807952371,9.73070289,0.274197998,8.68847949121,0.1318,10.1185460515,2.04141209324e+42,10.0141967607,
NGC6814,0.0285351484425,0.0683112966958,0.0248008495073,0.16588067419,0.108562893802,0.0,0.258021634097,4.39677973811e+39,9.0986667337e+39,3.44958645243e+39,1.14217812754e+40,1.98939013707e+40,0.0,6.50891210903e+40,9.975894212,9.450449285,-0.027037345,8.56113922635,0.0316,10.1526281108,4.47740688797e+42,10.1182631733,4.20864662975e+37
NGC7172,0.0338674384673,0.0522193870496,0.0265941039021,0.148931245431,0.619353397559,0.0695124166048,0.71295449044,2.57114940448e+40,2.60024449096e+40,1.77749307506e+40,5.57184457824e+40,1.5685147301e+41,1.69984321948e+41,5.84929220198e+41,10.21255883,9.625229189,-0.059357176,9.58496459578,0.0,10.37415658,2.35178282431e+43,10.3983296609,7.2396402264e+37
NGC7213,0.0582850336999,0.0391099325835,0.0,0.0120978611848,0.0566156836025,0.0,0.184285455956,7.45108768066e+39,4.49337648947e+39,0.0,6.18556165461e+38,1.22042649434e+40,0.0,3.22622248693e+40,9.15446953,9.156380882,0.334800348,8.31886461364,0.262,9.49900873082,1.05930203789e+42,9.34486731513,
NGC7469,0.0811524017814,0.0225291598512,0.00899506522357,0.0119202543285,0.524142629189,0.463547581091,1.16139750311,9.05290384541e+41,2.81800761869e+41,1.07622109215e+41,1.74000088174e+41,4.96483019985e+42,5.47131179677e+42,1.78547330737e+43,11.25030381,11.26919064,0.34782723,11.2979635664,0.028,11.6011950849,3.99673561817e+43,11.6303114377,1.51840000846e+39
NGC7582,0.11420487275,0.0525042760748,0.0169156268196,0.039902019779,1.40769254067,1.28570663274,1.2802013191,1.25195527585e+41,4.86816258451e+40,1.73392646148e+40,4.77328717698e+40,8.5769780648e+41,4.76306504799e+41,1.69292937109e+42,10.56680066,10.14023932,0.029942276,10.4273503679,0.0,10.7933723,3.37721302275e+42,10.748781947,
NGC7603,0.0238339110617,0.0191607113028,0.0021846018292,0.052259157075,0.146735134624,0.0514864971426,0.144699435017,2.62774680086e+41,1.37772390867e+41,1.81043825852e+40,1.4805817179e+41,2.38684410407e+42,1.84943774597e+42,3.7251814636e+42,10.66098831,10.7196185,0.378265446,10.9348166937,0.4229,10.9932156443,1.0044952724e+44,10.6732057383,6.97543928203e+38
NGC7679,0.199770776675,0.10421540716,0.0257650737449,0.093222889903,1.35036906733,1.96353717572,2.57651586735,4.93933612863e+41,2.45648861165e+41,6.36475006826e+40,2.69489754147e+41,3.51706166028e+42,4.54509040301e+42,1.10054429731e+43,10.87396563,10.33952201,-0.031898544,11.127025768,0.0,11.06634548,9.99508926811e+42,10.9858547807,5.21730421266e+38
NGC788,0.0231021207441,0.0430577699155,0.0188057280498,0.148631194966,0.0335931286907,0.0125182635911,0.204016432273,2.78043779047e+40,5.43371526545e+40,2.3509049376e+40,8.98442066799e+40,3.88381412503e+40,1.65871134185e+40,2.57668387586e+41,9.073788558,9.982433052,0.853527737,8.89284201938,0.6666,9.83089517549,3.32210940084e+43,9.39045958399,1.76515575655e+37
PG2304+042,0.00800446290618,0.0174692907522,0.0,0.0497099125218,0.00746665098203,0.129208946145,0.0380077251661,1.18623180128e+40,2.75213178384e+40,0.0,2.11829496751e+40,1.80685417279e+40,2.48179445525e+40,9.24938531499e+40,,,,8.51342047141,,,6.18659661285e+43,,
PICTORA,0.0278463234565,0.0164390690917,0.0,0.0,0.00432849436992,0.0,0.0,1.15752073657e+41,6.8013581549e+40,0.0,0.0,2.80822542578e+40,0.0,0.0,9.719389276,10.32314795,0.734166776,8.73206285538,0.6447,10.3481845775,1.09801354934e+44,10.1209602983,
SBS0915+556,0.00715394562115,0.0435994435573,0.0310256112071,0.302119292717,0.0176725038893,0.0,0.685757051283,2.87682647739e+40,1.79399328985e+41,1.31869205383e+41,6.20421356247e+41,8.59222307115e+40,0.0,2.57721533351e+42,,,,9.28654804376,,,4.68883348747e+43,,2.01856300199e+38
SBS1301+540,0.0306993631226,0.0203266582862,0.00622462927026,0.00853035749005,0.0326775976794,0.00992758084215,0.0,2.29031093997e+40,9.68922229988e+39,3.00545537365e+39,1.25878414594e+39,3.72322129251e+40,2.47918593964e+40,0.0,8.885831845,9.410878111,0.693487383,8.87190402728,0.5616,9.60411615648,6.6941591222e+43,9.44811633846,3.53599448111e+37
UGC03478,0.0469165861339,0.0995776411992,0.0590795472298,0.333853885923,0.289469733604,0.118667430949,0.478999906222,3.11152456057e+40,5.82787941197e+40,3.44852061421e+40,1.41822951977e+41,2.07918141634e+41,1.42793870481e+41,5.10713221156e+41,10.00335595,9.819319252,0.194156435,9.72471089472,0.1582,10.2750007014,3.68635037745e+42,10.1646364196,6.59163245711e+37
UGC03601,0.0746011024445,0.12216140898,0.0368651755763,0.34048381077,0.230917638629,0.0805384977097,0.749853676539,3.40711207085e+40,5.50033509438e+40,1.62470983101e+40,7.98501132759e+40,1.17116197692e+41,3.13331982712e+40,2.503075828e+41,9.600860896,9.437166145,0.209159608,9.44011742433,0.2299,9.87981194139,1.41367759088e+43,9.6519536401,4.71666261631e+37
UGC06728,0.0128614339125,0.0114208188167,0.00363617896184,0.0849450923253,0.029656776238,0.0183070394222,0.017853793719,1.34864053823e+39,1.08459289504e+39,3.51258333692e+38,2.88417465403e+39,4.06140458984e+39,4.68513681994e+39,2.74633088247e+39,,,,7.77332816893,,,2.56218772852e+42,,
UGC07064,0.0457512262672,0.0430472587927,0.0238612579938,0.10287110392,0.340174354881,0.233184540828,0.523696381412,1.24109504449e+41,1.2610349725e+41,6.94141272824e+40,2.33785708875e+41,8.5305016949e+41,4.28535479253e+41,1.79876377513e+42,10.59216705,10.30884598,0.123273951,10.4246563095,0.129,10.836298765,1.89493295386e+43,10.7575878941,3.51061263031e+38
UGC12282,0.0293684909227,0.0397437925748,0.000447062284698,0.00318482597575,0.402471880787,0.0954840400013,0.20943144678,1.3809060927e+40,1.62228904908e+40,1.99845948005e+38,8.16587790205e+38,1.60116412535e+41,5.20454523816e+40,1.85589784814e+41,10.2442655,9.830232544,0.037616518,9.59517951696,0.0692,10.4615553746,1.24891393667e+43,10.4069796432,1.07458636635e+38
UGC12741,0.0328430637102,0.0570386457794,0.00602482987314,0.0293883912979,1.04668187096,0.104708339539,0.933587300902,1.17161634058e+40,1.49530267719e+40,1.77841450877e+39,5.95293674922e+39,1.85919074118e+41,8.81526242927e+40,3.41686767061e+41,9.76816495,9.27940299,-0.006655929,9.66926114374,0.0,9.948516241,1.35845950197e+43,9.87176984667,3.16973883792e+37
UM614,0.0140894618922,0.0327205244806,0.00523609567044,0.221999505256,0.00566778143201,0.0,0.0803579018411,2.32874595634e+40,5.52986444856e+40,8.60817215512e+39,1.51319238765e+41,1.31145108372e+40,0.0,1.96703279682e+41,,,,8.35453132116,,,3.99527356352e+43,,2.93479971641e+37
